{
  "gizmos-infos": {
    "is2D": true,
    "is3DIcon": false,
    "iconSize": 2,
    "gridVisible": true,
    "gridColor": [
      166,
      166,
      166,
      255
    ],
    "transformToolName": "position",
    "pivot": "pivot",
    "coordinate": "local",
    "toolsVisibility3d": true
  },
  "__version__": "1.0.1",
  "builder": {},
  "snap-configs": {
    "position": {
      "x": 1,
      "y": 1,
      "z": 1
    },
    "rotation": 1,
    "scale": 1,
    "isPositionSnapEnabled": false,
    "isRotationSnapEnabled": false,
    "isScaleSnapEnabled": false
  },
  "rect-snap-configs": {
    "enableSnapping": true,
    "snapThreshold": 4
  },
  "float-window": {
    "position": {
      "cc": {
        "Camera": {
          "dock": false,
          "top": null,
          "bottom": 10,
          "left": null,
          "right": 10
        }
      }
    }
  },
  "camera-infos": {
    "a1cf4494-df71-4a8b-a3fd-65a148ef18d7": {
      "position": {
        "x": 723.5954731638675,
        "y": 369.23007928302945,
        "z": 5000
      },
      "rotation": {
        "x": 0,
        "y": 0,
        "z": 0,
        "w": 1
      },
      "viewCenter": {
        "x": 0,
        "y": 0,
        "z": 0
      },
      "contentRect": {
        "x": 103.70013114772276,
        "y": -17.67881804048014,
        "width": 743.4000000000001,
        "height": 418.1625000000001
      },
      "scale": 0.8322372585057491
    },
    "07ff1834-d060-4dad-bbf4-66d2aefe72e3": {
      "position": {
        "x": 640,
        "y": 360.0000000000001,
        "z": 5000
      },
      "rotation": {
        "x": 0,
        "y": 0,
        "z": 0,
        "w": 1
      },
      "viewCenter": {
        "x": 0,
        "y": 0,
        "z": 0
      },
      "contentRect": {
        "x": 178.88738127544087,
        "y": 100.6241519674356,
        "width": 1031.8,
        "height": 580.3875
      },
      "scale": 0.80609375
    },
    "107868a0-41a6-4ed1-8f50-9751e0eeeab6": {
      "position": {
        "x": 640,
        "y": 360.00000000000006,
        "z": 5000
      },
      "rotation": {
        "x": 0,
        "y": 0,
        "z": 0,
        "w": 1
      },
      "viewCenter": {
        "x": 0,
        "y": 0,
        "z": 0
      },
      "contentRect": {
        "x": 0,
        "y": 78.125,
        "width": 1050,
        "height": 700
      },
      "scale": 0.7
    },
    "dab7f2c9-44ac-4286-b3e9-4007dc54b720": {
      "position": {
        "x": 640,
        "y": 360.00000000000006,
        "z": 5000
      },
      "rotation": {
        "x": 0,
        "y": 0,
        "z": 0,
        "w": 1
      },
      "viewCenter": {
        "x": 0,
        "y": 0,
        "z": 0
      },
      "contentRect": {
        "x": 0,
        "y": 30.937499999999922,
        "width": 1031.8,
        "height": 623.6999999999999
      },
      "scale": 0.7
    },
    "bc9705bb-5487-4cca-8e4b-e88cc3942037": {
      "position": {
        "x": 640,
        "y": 360.0000000000001,
        "z": 5000
      },
      "rotation": {
        "x": 0,
        "y": 0,
        "z": 0,
        "w": 1
      },
      "viewCenter": {
        "x": 0,
        "y": 0,
        "z": 0
      },
      "contentRect": {
        "x": 0,
        "y": 0,
        "width": 896,
        "height": 504
      },
      "scale": 0.7
    },
    "2ae1b89d-355a-4727-9c9d-f5ded3b17b93": {
      "position": {
        "x": 639.7883333333333,
        "y": 360.21166666666676,
        "z": 5000
      },
      "rotation": {
        "x": 0,
        "y": 0,
        "z": 0,
        "w": 1
      },
      "viewCenter": {
        "x": 0,
        "y": 0,
        "z": 0
      },
      "contentRect": {
        "x": 0,
        "y": 0,
        "width": 896,
        "height": 504
      },
      "scale": 0.7
    },
    "e3d3ed71-a724-4e8b-ab06-10444480e244": {
      "position": {
        "x": 640,
        "y": 360,
        "z": 5000
      },
      "rotation": {
        "x": 0,
        "y": 0,
        "z": 0,
        "w": 1
      },
      "viewCenter": {
        "x": 0,
        "y": 0,
        "z": 0
      },
      "contentRect": {
        "x": 1.2553412032752633e-13,
        "y": -58.937198067632785,
        "width": 1159.2,
        "height": 652.05
      },
      "scale": 0.905625
    },
    "5f643201-994c-41fb-a0ad-8277e82f59e8": {
      "position": {
        "x": 640,
        "y": 360,
        "z": 5000
      },
      "rotation": {
        "x": 0,
        "y": 0,
        "z": 0,
        "w": 1
      },
      "viewCenter": {
        "x": 0,
        "y": 0,
        "z": 0
      },
      "contentRect": {
        "x": 0,
        "y": 156.25,
        "width": 2100,
        "height": 1400
      },
      "scale": 0.7
    },
    "a82fc1ff-87b6-450a-90a8-3805503fa19f": {
      "position": {
        "x": 639.8133333333334,
        "y": 360.1866666666668,
        "z": 5000
      },
      "rotation": {
        "x": 0,
        "y": 0,
        "z": 0,
        "w": 1
      },
      "viewCenter": {
        "x": 0,
        "y": 0,
        "z": 0
      },
      "contentRect": {
        "x": 0,
        "y": 0,
        "width": 896,
        "height": 504
      },
      "scale": 0.7
    },
    "cd2c9420-9923-4bef-87b9-fe58a8c368d1": {
      "position": {
        "x": 639.7883333333333,
        "y": 360.21166666666676,
        "z": 5000
      },
      "rotation": {
        "x": 0,
        "y": 0,
        "z": 0,
        "w": 1
      },
      "viewCenter": {
        "x": 0,
        "y": 0,
        "z": 0
      },
      "contentRect": {
        "x": 0,
        "y": 0,
        "width": 896,
        "height": 504
      },
      "scale": 0.7
    },
    "ccab518d-0629-407f-8461-e94c24307298": {
      "position": {
        "x": 639.8483333333334,
        "y": 360.15166666666676,
        "z": 5000
      },
      "rotation": {
        "x": 0,
        "y": 0,
        "z": 0,
        "w": 1
      },
      "viewCenter": {
        "x": 0,
        "y": 0,
        "z": 0
      },
      "contentRect": {
        "x": 0,
        "y": 0,
        "width": 896,
        "height": 504
      },
      "scale": 0.7
    },
    "5f0dafae-97ee-4c2b-b2d3-6402143319fc": {
      "position": {
        "x": 684.2566666666667,
        "y": 396.4466666666667,
        "z": 5000
      },
      "rotation": {
        "x": 0,
        "y": 0,
        "z": 0,
        "w": 1
      },
      "viewCenter": {
        "x": 0,
        "y": 0,
        "z": 0
      },
      "contentRect": {
        "x": 0,
        "y": 47.24999999999998,
        "width": 1159.2,
        "height": 718.1999999999999
      },
      "scale": 0.7000000000000001
    },
    "ec5a857f-c6dd-4fb7-9b02-5baa14dc35be": {
      "position": {
        "x": 639.7483333333333,
        "y": 360.2516666666668,
        "z": 5000
      },
      "rotation": {
        "x": 0,
        "y": 0,
        "z": 0,
        "w": 1
      },
      "viewCenter": {
        "x": 0,
        "y": 0,
        "z": 0
      },
      "contentRect": {
        "x": 0,
        "y": 0,
        "width": 896,
        "height": 504
      },
      "scale": 0.7
    },
    "6f14ba65-bafd-4044-83d3-5b108d7832d4": {
      "position": {
        "x": 639.9083333333333,
        "y": 360.09166666666675,
        "z": 5000
      },
      "rotation": {
        "x": 0,
        "y": 0,
        "z": 0,
        "w": 1
      },
      "viewCenter": {
        "x": 0,
        "y": 0,
        "z": 0
      },
      "contentRect": {
        "x": 0,
        "y": 0,
        "width": 896,
        "height": 504
      },
      "scale": 0.7
    },
    "a8ae5d3b-da9b-4147-9722-00c98990cfc6": {
      "position": {
        "x": 639.9283333333333,
        "y": 360.0716666666668,
        "z": 5000
      },
      "rotation": {
        "x": 0,
        "y": 0,
        "z": 0,
        "w": 1
      },
      "viewCenter": {
        "x": 0,
        "y": 0,
        "z": 0
      },
      "contentRect": {
        "x": 0,
        "y": 0,
        "width": 896,
        "height": 504
      },
      "scale": 0.7
    },